{"allocated_bytes":{"per_frame":{"max":2712201,"p50":460733,"p95":738218,"p99":1654450},"total":7257076386},"allocations":{"deallocations_total":12571852,"per_frame":{"max":26062,"p50":262,"p95":4877,"p99":7247},"reallocations_total":993999,"total":12620357},"arena_mode":"off","arena_peak_bytes":0,"cycles":200,"elapsed_ms":5404.941454000001,"frame_time_us":{"max":18509,"p50":209,"p95":1028,"p99":1830},"pipeline":{"bytes_emitted":{"max":64354,"p50":7119,"p95":23675,"p99":54309},"changed_cells_per_frame":{"max":4800,"p50":3157,"p95":4366,"p99":4380},"present_us":{"max":186,"p50":34,"p95":66,"p99":94}},"render_mode":"pipeline","renders_per_sec":3330.28584179739,"screen_count":45,"sizes":[{"cols":80,"rows":24},{"cols":120,"rows":40}],"total_frames":18000}
