{"allocated_bytes":{"per_frame":{"max":2711070,"p50":460156,"p95":737362,"p99":2060522},"total":7622110972},"allocations":{"deallocations_total":28425853,"per_frame":{"max":42518,"p50":262,"p95":6191,"p99":41719},"reallocations_total":1161887,"total":28474288},"arena_mode":"on","arena_peak_bytes":266224,"cycles":200,"elapsed_ms":8658.987158,"frame_time_us":{"max":21988,"p50":276,"p95":1345,"p99":4259},"pipeline":{"bytes_emitted":{"max":64354,"p50":7119,"p95":23675,"p99":54309},"changed_cells_per_frame":{"max":4800,"p50":3104,"p95":4366,"p99":4380},"present_us":{"max":253,"p50":42,"p95":100,"p99":140}},"render_mode":"pipeline","renders_per_sec":2078.7650647304495,"screen_count":45,"sizes":[{"cols":80,"rows":24},{"cols":120,"rows":40}],"total_frames":18000}
